<?xml version="1.0" encoding="UTF-8"?>
<beans xmlns="http://www.springframework.org/schema/beans"
	xmlns:xsi="http://www.w3.org/2001/XMLSchema-instance"
	xsi:schemaLocation="
        http://www.springframework.org/schema/beans http://www.springframework.org/schema/beans/spring-beans.xsd">

	<bean class="com.jspiders.springcorexml.beans.StudentBean"
		name="student1">
		<property name="id">
			<value>1</value>
		</property>
		<property name="name" value="Swapnil" />
		<property name="city" value="Pune" />
	</bean>

	<bean class="com.jspiders.springcorexml.beans.StudentBean"
		name="student2">
		<constructor-arg name="id">
			<value>2</value>
		</constructor-arg>
		<constructor-arg name="name" value="Swapnali"/>
		<constructor-arg name="city" value="Mumbai"/>
	</bean>

</beans>